-- =================================================================
-- TẮT KIỂM TRA KHÓA NGOẠI
-- =================================================================
SET FOREIGN_KEY_CHECKS=0;

-- =================================================================
-- 1. BẢNG DỮ LIỆU CƠ SỞ (CORE TABLES)
-- =================================================================

-- Bảng sân bay
INSERT INTO `sanbay` (`masanbay`, `ma_iata`, `ma_icao`, `tensanbay`, `thanhphosanbay`, `quocgiasanbay`, `trangthaihoatdong`) VALUES
(1, 'SGN', 'VVTS', 'Sân bay Quốc tế Tân Sơn Nhất', 'Thành phố Hồ Chí Minh', 'Việt Nam', 'ACTIVE'),
(2, 'HAN', 'VVNB', 'Sân bay Quốc tế Nội Bài', 'Hà Nội', 'Việt Nam', 'ACTIVE'),
(3, 'DAD', 'VVDN', 'Sân bay Quốc tế Đà Nẵng', 'Đà Nẵng', 'Việt Nam', 'ACTIVE');

-- Bảng hạng vé
INSERT INTO `hangve` (`mahangve`, `tenhangve`, `succhua`) VALUES
(1, 'Economy',25),
(2, 'Deluxe',50),
(3, 'Business',75),
(4, 'First Class',100);

-- Bảng tuyến bay
INSERT INTO `tuyenbay` (`matuyenbay`, `masanbaydi`, `masanbayden`) VALUES
(1, 1, 2), -- SGN -> HAN
(2, 2, 1), -- HAN -> SGN
(3, 1, 3), -- SGN -> DAD
(4, 3, 1); -- DAD -> SGN

-- Bảng dịch vụ cung cấp
INSERT INTO `dichvucungcap` (`madichvu`, `tendichvu`, `mota`,`anh`) VALUES
(1, 'Hành lý ký gửi', 'Hãy lựa chọn gói hành lý phù hợp','1.svg'),
(2, 'Suất ăn trên máy bay', 'Chọn suất ăn cho chuyến bay', '2.svg'),
(3, 'Bảo hiểm du lịch', 'Dịch vụ gồm: đón tiếp, tiễn khách tại sân bay; Hỗ trợ quá trình làm thủ tục, hướng dẫn chỉ đường đi tại sân bay, tiếp nhận và chuyển trả hành lý cho hành khách tại ga đi, ga đến.','3.svg'),
(4, 'Trẻ em bay một mình (12- dưới 14 tuổi)', 'Dịch vụ đồng hành cùng trẻ từ 12 tuổi đến dưới 14 tuổi,  bay một mình với cấp sự giám sát và hỗ trợ đặc biệt cho trẻ trong suốt hành trình, từ lúc làm thủ tục tại sân bay xuất phát cho đến khi được người giám hộ đón tại điểm đến.', '4.svg'),
(5, 'Mang theo thú cưng', 'Cho phép mang thú cưng lên máy bay', '5.svg');

-- Bảng lựa chọn dịch vụ (chi tiết của dịch vụ cung cấp)
INSERT INTO `luachondichvu` (`maluachon`, `madichvu`, `tenluachon`, `mota`, `gia`,`anh`) VALUES
(1, 1, 'Gói 20kg', 'Hành lý ký gửi tiêu chuẩn', 250000.00, '1.jpg'),
(2, 1, 'Gói 30kg', 'Hành lý ký gửi thêm', 400000.00, '2.jpg'),
(3, 2, 'Combo Cơm chiên Thái + Hạt điều + Nước suối', 'Cơm chay và rau củ', 150000.00, '3.jpg'),
(4, 2, 'Red Bull', 'Nước uống giải khát', 40000.00, '4.jpg'),
(5, 2, 'Rượu vang đỏ', 'Rượu', 40000.00, '5.jpg'),
(6, 3, 'Bảo hiểm du lịch','Áp dụng toàn bộ chuyến đi', 200000.00, '6.jpg'),
(7, 4, 'Trẻ em bay một mình', 'Dịch vụ đồng hành cho trẻ em', 300000.00, '7.jpg'),
(8, 5, 'Thú cưng dưới 7kg', 'Mang theo thú cưng dưới 7kg', 4000000.00, '8.jpg');

-- =================================================================
-- 2. BẢNG HÀNH KHÁCH VÀ TÀI KHOẢN
-- =================================================================

-- Bảng hành khách
INSERT INTO `hanhkhach` (`mahanhkhach`, `hovaten`, `ngaysinh`, `gioitinh`, `sodienthoai`, `email`, `madinhdanh`, `diachi`, `quocgia`) VALUES
(1, 'Nguyễn Văn A', '1990-05-15', 'Nam', '0909123456', 'nguyenvana@example.com', '001090001234', '123 Nguyễn Huệ, Q1', 'Việt Nam'),
(2, 'Trần Thị B', '1995-11-20', 'Nữ', '0987654321', 'tranthib@example.com', '001195005678', '456 Lê Lợi, Q3', 'Việt Nam'),
(3, 'Lê Văn C', '1988-03-10', 'Nam', '0912345678', 'levanc@example.com', '001088003456', '789 Trần Hưng Đạo, Q5', 'Việt Nam'),
(4, 'Phạm Thị D', '1992-07-25', 'Nữ', '0987654322', 'phamthid@example.com', '001192007890', '321 Lý Tự Trọng, Q1', 'Việt Nam'),
(5, 'Hoàng Minh E', '1985-12-05', 'Nam', '0909876543', 'hoangmine@example.com', '001085012345', '654 Nguyễn Thị Minh Khai, Q3', 'Việt Nam'),
(6, 'Nguyễn Thị F', '1998-09-15', 'Nữ', '0976543210', 'nguyenthif@example.com', '001198009876', '987 Đề Thám, Q1', 'Việt Nam'),
(7, 'Trần Văn G', '1990-11-30', 'Nam', '0965432109', 'tranvang@example.com', '001090011234', '147 Pasteur, Q3', 'Việt Nam'),
(8, 'Đạt Thành', '2004-05-14', 'Nam', '0395632027', '', '', '', 'Vietnam');

-- Bảng tài khoản khách hàng
INSERT INTO `taikhoan` (`mataikhoan`, `mahanhkhach`, `email`, `matkhaubam`, `trangthai`, `email_verified`, `ngaytao`, `oauth2_provider`) VALUES
(1, 1, 'nguyenvana@example.com', '$2a$10$I5SiBaX8ndre0SwNPpZ0guVNr7vpOMCnq45zaZH.t3CtefC7UvwIK', 'ACTIVE', 1, '2025-09-12 10:00:00', NULL),
(2, 3, 'levanc@example.com', '$2a$10$I5SiBaX8ndre0SwNPpZ0guVNr7vpOMCnq45zaZH.t3CtefC7UvwIK', 'ACTIVE', 0, '2025-10-30 08:00:00', NULL),
(3, 4, 'phamthid@example.com', '$2a$10$I5SiBaX8ndre0SwNPpZ0guVNr7vpOMCnq45zaZH.t3CtefC7UvwIK', 'ACTIVE', 0, '2025-11-01 14:30:00', NULL),
(4, 5, 'hoangmine@example.com', '$2a$10$I5SiBaX8ndre0SwNPpZ0guVNr7vpOMCnq45zaZH.t3CtefC7UvwIK', 'ACTIVE', 0, '2025-11-02 10:15:00', NULL),
(5, 6, 'nguyenthif@example.com', '$2a$10$I5SiBaX8ndre0SwNPpZ0guVNr7vpOMCnq45zaZH.t3CtefC7UvwIK', 'ACTIVE', 0, '2025-11-03 16:45:00', NULL),
(6, 7, 'tranvang@example.com', '$2a$10$I5SiBaX8ndre0SwNPpZ0guVNr7vpOMCnq45zaZH.t3CtefC7UvwIK', 'ACTIVE', 0, '2025-11-04 12:20:00', NULL),
(7, 8, 'toiladat20041405@gmail.com', '$2a$10$7shXqLk5EsoVGtMT.18PweBSnEdhcbe5lK8wvFnau1.lHKP2ooU62', 'ACTIVE', 1, '2025-11-14 14:33:02.487000', 'GOOGLE');

-- Bảng tài khoản Admin
INSERT INTO `taikhoanadmin` (`mataikhoan`, `tendangnhap`, `matkhaubam`, `email`, `hovaten`, `ngaytao`) VALUES
(1, 'admin', '$2a$10$I5SiBaX8ndre0SwNPpZ0guVNr7vpOMCnq45zaZH.t3CtefC7UvwIK', 'admin@example.com', 'Quản Trị Viên', NOW()),
(2,'admin2','$2b$10$Z1guAXBVxEZxsj3mHXK5t.LU.L3bcjgg8dBNgqo4U5nJbR81yrpgG', 'test@gmaiil.com','nguyena',NOW());

-- =================================================================
-- 3. BẢNG CHUYẾN BAY VÀ GIÁ VÉ
-- =================================================================

-- Bảng giá chuyến bay
INSERT INTO `giachuyenbay` (`magia`, `matuyenbay`, `mahangve`, `giave`, `ngayapdungtu`, `ngayapdungden`) VALUES
(1, 1, 1, 2500000.00, '2025-01-01', NULL), -- SGN-HAN, Economy
(2, 1, 2, 5000000.00, '2025-01-01', NULL), -- SGN-HAN, Deluxe
(3, 3, 1, 1800000.00, '2025-01-01', NULL), -- SGN-DAD, Economy
(4, 3, 2, 3500000.00, '2025-01-01', NULL), -- SGN-DAD, Deluxe
(NULL, 1, 1, 1200000.00, '2025-11-01', '2025-11-30'), -- (magia tự tăng)
(NULL, 1, 1, 1350000.00, '2025-12-01', NULL),
(NULL, 1, 2, 2800000.00, '2025-11-01', '2025-11-30'),
(NULL, 1, 2, 3200000.00, '2025-12-01', NULL),
(NULL, 1, 1, 1800000.00, '2025-12-23', '2025-12-31'), -- SGN->HAN Economy
(NULL, 1, 2, 4000000.00, '2025-12-23', '2025-12-31'), -- SGN->HAN Deluxe
(NULL, 1, 3, 6000000.00, '2025-12-23', '2025-12-31'), -- SGN->HAN Business
(NULL, 1, 4, 9000000.00, '2025-12-23', '2025-12-31'), -- SGN->HAN FirstClass
(NULL, 2, 1, 1800000.00, '2025-12-23', '2025-12-31'), -- HAN->SGN Economy
(NULL, 2, 2, 4000000.00, '2025-12-23', '2025-12-31'), -- HAN->SGN Deluxe
(NULL, 2, 3, 6000000.00, '2025-12-23', '2025-12-31'), -- HAN->SGN Business
(NULL, 2, 4, 9000000.00, '2025-12-23', '2025-12-31'), -- HAN->SGN FirstClass
(NULL, 3, 1, 1500000.00, '2025-12-23', '2025-12-31'), -- SGN->DAD Economy
(NULL, 3, 2, 3200000.00, '2025-12-23', '2025-12-31'), -- SGN->DAD Deluxe
(NULL, 3, 3, 5000000.00, '2025-12-23', '2025-12-31'), -- SGN->DAD Business
(NULL, 3, 4, 7500000.00, '2025-12-23', '2025-12-31'), -- SGN->DAD FirstClass
(NULL, 4, 1, 1500000.00, '2025-12-23', '2025-12-31'), -- DAD->SGN Economy
(NULL, 4, 2, 3200000.00, '2025-12-23', '2025-12-31'), -- DAD->SGN Deluxe
(NULL, 4, 3, 5000000.00, '2025-12-23', '2025-12-31'), -- DAD->SGN Business
(NULL, 4, 4, 7500000.00, '2025-12-23', '2025-12-31'); -- DAD->SGN FirstClass

-- Bảng chi tiết chuyến bay (ĐÃ SỬA: Thêm 3 NULL cho các dòng 7-14)
INSERT INTO `chitietchuyenbay` (`machuyenbay`, `matuyenbay`, `sohieuchuyenbay`, `ngaydi`, `giodi`, `ngayden`, `gioden`, `trangthai`, `thoigianden_thucte`, `thoigiandi_thucte`, `lydodDelay`) VALUES
(1, 1, 'VN240', '2025-11-20', '08:00:00', '2025-11-20', '10:05:00', 'Đang mở bán', NULL, NULL, NULL),
(2, 1, 'VJ130', '2025-11-21', '10:30:00', '2025-11-21', '12:35:00', 'Đang mở bán', NULL, NULL, NULL),
(3, 3, 'VN712', '2025-11-22', '15:00:00', '2025-11-22', '16:15:00', 'Đang mở bán', NULL, NULL, NULL),
(4, 2, 'VN241', '2025-11-25', '11:00:00', '2025-11-25', '13:05:00', 'Đang mở bán', NULL, NULL, NULL),
(5, 1, 'VN300', '2025-10-01', '09:00:00', '2025-10-01', '11:00:00', 'Đã bay', '2025-10-01 11:00:00', '2025-10-01 09:00:00', NULL),
(6, 3, 'VN800', '2025-11-01', '14:00:00', '2025-11-01', '15:15:00', 'Delay', '2025-11-01 16:45:00', '2025-11-01 14:30:00', 'Thời tiết xấu gây chậm trễ'),
-- Dữ liệu test thống kê (ĐÃ SỬA)
(7, 1, 'VN250', '2025-10-29', '06:30:00', '2025-10-29', '08:35:00', 'Đã bay', NULL, NULL, NULL),
(8, 1, 'VN251', '2025-10-30', '09:15:00', '2025-10-30', '11:20:00', 'Đã bay', NULL, NULL, NULL),
(9, 1, 'VN252', '2025-10-31', '14:45:00', '2025-10-31', '16:50:00', 'Đã bay', NULL, NULL, NULL),
(10, 1, 'VN253', '2025-11-01', '07:00:00', '2025-11-01', '09:05:00', 'Đã bay', NULL, NULL, NULL),
(11, 1, 'VN254', '2025-11-02', '11:30:00', '2025-11-02', '13:35:00', 'Đã bay', NULL, NULL, NULL),
(12, 1, 'VN255', '2025-11-03', '16:15:00', '2025-11-03', '18:20:00', 'Đã bay', NULL, NULL, NULL),
(13, 1, 'VN256', '2025-11-04', '08:45:00', '2025-11-04', '10:50:00', 'Đã bay', NULL, NULL, NULL),
(14, 1, 'VN257', '2025-11-05', '13:20:00', '2025-11-05', '15:25:00', 'Đang mở bán', NULL, NULL, NULL),
-- Chuyến bay trong tháng tới (15-11-2025 đến 15-12-2025)
(15, 1, 'VN258', '2025-11-16', '06:00:00', '2025-11-16', '08:05:00', 'Đang mở bán', NULL, NULL, NULL),
(16, 1, 'VN259', '2025-11-17', '09:30:00', '2025-11-17', '11:35:00', 'Đang mở bán', NULL, NULL, NULL),
(17, 3, 'VN713', '2025-11-18', '14:00:00', '2025-11-18', '15:15:00', 'Đang mở bán', NULL, NULL, NULL),
(18, 2, 'VN242', '2025-11-19', '10:00:00', '2025-11-19', '12:05:00', 'Đang mở bán', NULL, NULL, NULL),
(19, 1, 'VN260', '2025-11-23', '07:15:00', '2025-11-23', '09:20:00', 'Đang mở bán', NULL, NULL, NULL),
(20, 3, 'VN714', '2025-11-24', '15:30:00', '2025-11-24', '16:45:00', 'Đang mở bán', NULL, NULL, NULL),
(21, 1, 'VN261', '2025-11-26', '08:30:00', '2025-11-26', '10:35:00', 'Đang mở bán', NULL, NULL, NULL),
(22, 2, 'VN243', '2025-11-27', '11:45:00', '2025-11-27', '13:50:00', 'Đang mở bán', NULL, NULL, NULL),
(23, 1, 'VN262', '2025-11-28', '06:45:00', '2025-11-28', '08:50:00', 'Đang mở bán', NULL, NULL, NULL),
(24, 3, 'VN715', '2025-11-29', '13:00:00', '2025-11-29', '14:15:00', 'Đang mở bán', NULL, NULL, NULL),
(25, 1, 'VN263', '2025-11-30', '09:00:00', '2025-11-30', '11:05:00', 'Đang mở bán', NULL, NULL, NULL),
(26, 2, 'VN244', '2025-12-01', '10:30:00', '2025-12-01', '12:35:00', 'Đang mở bán', NULL, NULL, NULL),
(27, 1, 'VN264', '2025-12-02', '07:30:00', '2025-12-02', '09:35:00', 'Đang mở bán', NULL, NULL, NULL),
(28, 3, 'VN716', '2025-12-03', '14:45:00', '2025-12-03', '16:00:00', 'Đang mở bán', NULL, NULL, NULL),
(29, 1, 'VN265', '2025-12-04', '08:15:00', '2025-12-04', '10:20:00', 'Đang mở bán', NULL, NULL, NULL),
(30, 2, 'VN245', '2025-12-05', '11:00:00', '2025-12-05', '13:05:00', 'Đang mở bán', NULL, NULL, NULL),
(31, 1, 'VN266', '2025-12-06', '06:30:00', '2025-12-06', '08:35:00', 'Đang mở bán', NULL, NULL, NULL),
(32, 3, 'VN717', '2025-12-07', '15:15:00', '2025-12-07', '16:30:00', 'Đang mở bán', NULL, NULL, NULL),
(33, 1, 'VN267', '2025-12-08', '09:45:00', '2025-12-08', '11:50:00', 'Đang mở bán', NULL, NULL, NULL),
(34, 2, 'VN246', '2025-12-09', '10:15:00', '2025-12-09', '12:20:00', 'Đang mở bán', NULL, NULL, NULL),
(35, 1, 'VN268', '2025-12-10', '07:00:00', '2025-12-10', '09:05:00', 'Đang mở bán', NULL, NULL, NULL),
(36, 3, 'VN718', '2025-12-11', '14:30:00', '2025-12-11', '15:45:00', 'Đang mở bán', NULL, NULL, NULL),
(37, 1, 'VN269', '2025-12-12', '08:00:00', '2025-12-12', '10:05:00', 'Đang mở bán', NULL, NULL, NULL),
(38, 2, 'VN247', '2025-12-13', '11:30:00', '2025-12-13', '13:35:00', 'Đang mở bán', NULL, NULL, NULL),
(39, 1, 'VN270', '2025-12-14', '06:15:00', '2025-12-14', '08:20:00', 'Đang mở bán', NULL, NULL, NULL),
(40, 3, 'VN719', '2025-12-15', '13:45:00', '2025-12-15', '15:00:00', 'Đang mở bán', NULL, NULL, NULL),
-- THÊM CHUYẾN BAY TỪ 18/11/2025 ĐÊN 01/12/2025 (2 chuyến/ngày)
-- 18/11/2025
(41, 1, 'VN271', '2025-11-18', '07:00:00', '2025-11-18', '09:05:00', 'Đang mở bán', NULL, NULL, NULL),
(42, 2, 'VN272', '2025-11-18', '15:30:00', '2025-11-18', '17:35:00', 'Đang mở bán', NULL, NULL, NULL),
-- 19/11/2025
(43, 1, 'VN273', '2025-11-19', '08:15:00', '2025-11-19', '10:20:00', 'Đang mở bán', NULL, NULL, NULL),
(44, 3, 'VN274', '2025-11-19', '14:45:00', '2025-11-19', '16:00:00', 'Đang mở bán', NULL, NULL, NULL),
-- 20/11/2025
(45, 1, 'VN275', '2025-11-20', '06:30:00', '2025-11-20', '08:35:00', 'Đang mở bán', NULL, NULL, NULL),
(46, 2, 'VN276', '2025-11-20', '16:00:00', '2025-11-20', '18:05:00', 'Đang mở bán', NULL, NULL, NULL),
-- 21/11/2025
(47, 1, 'VN277', '2025-11-21', '07:45:00', '2025-11-21', '09:50:00', 'Đang mở bán', NULL, NULL, NULL),
(48, 3, 'VN278', '2025-11-21', '13:30:00', '2025-11-21', '14:45:00', 'Đang mở bán', NULL, NULL, NULL),
-- 22/11/2025
(49, 1, 'VN279', '2025-11-22', '08:00:00', '2025-11-22', '10:05:00', 'Đang mở bán', NULL, NULL, NULL),
(50, 2, 'VN280', '2025-11-22', '14:30:00', '2025-11-22', '16:35:00', 'Đang mở bán', NULL, NULL, NULL),
-- 23/11/2025
(51, 1, 'VN281', '2025-11-23', '06:15:00', '2025-11-23', '08:20:00', 'Đang mở bán', NULL, NULL, NULL),
(52, 3, 'VN282', '2025-11-23', '15:45:00', '2025-11-23', '17:00:00', 'Đang mở bán', NULL, NULL, NULL),
-- 24/11/2025
(53, 1, 'VN283', '2025-11-24', '09:30:00', '2025-11-24', '11:35:00', 'Đang mở bán', NULL, NULL, NULL),
(54, 2, 'VN284', '2025-11-24', '13:00:00', '2025-11-24', '15:05:00', 'Đang mở bán', NULL, NULL, NULL),
-- 25/11/2025
(55, 1, 'VN285', '2025-11-25', '07:30:00', '2025-11-25', '09:35:00', 'Đang mở bán', NULL, NULL, NULL),
(56, 3, 'VN286', '2025-11-25', '16:15:00', '2025-11-25', '17:30:00', 'Đang mở bán', NULL, NULL, NULL),
-- 26/11/2025
(57, 1, 'VN287', '2025-11-26', '06:45:00', '2025-11-26', '08:50:00', 'Đang mở bán', NULL, NULL, NULL),
(58, 2, 'VN288', '2025-11-26', '14:00:00', '2025-11-26', '16:05:00', 'Đang mở bán', NULL, NULL, NULL),
-- 27/11/2025
(59, 1, 'VN289', '2025-11-27', '08:30:00', '2025-11-27', '10:35:00', 'Đang mở bán', NULL, NULL, NULL),
(60, 3, 'VN290', '2025-11-27', '15:00:00', '2025-11-27', '16:15:00', 'Đang mở bán', NULL, NULL, NULL),
-- 28/11/2025
(61, 1, 'VN291', '2025-11-28', '07:00:00', '2025-11-28', '09:05:00', 'Đang mở bán', NULL, NULL, NULL),
(62, 2, 'VN292', '2025-11-28', '16:30:00', '2025-11-28', '18:35:00', 'Đang mở bán', NULL, NULL, NULL),
-- 29/11/2025
(63, 1, 'VN293', '2025-11-29', '06:30:00', '2025-11-29', '08:35:00', 'Đang mở bán', NULL, NULL, NULL),
(64, 3, 'VN294', '2025-11-29', '14:15:00', '2025-11-29', '15:30:00', 'Đang mở bán', NULL, NULL, NULL),
-- 30/11/2025
(65, 1, 'VN295', '2025-11-30', '08:45:00', '2025-11-30', '10:50:00', 'Đang mở bán', NULL, NULL, NULL),
(66, 2, 'VN296', '2025-11-30', '13:30:00', '2025-11-30', '15:35:00', 'Đang mở bán', NULL, NULL, NULL),
-- 01/12/2025
(67, 1, 'VN297', '2025-12-01', '07:15:00', '2025-12-01', '09:20:00', 'Đang mở bán', NULL, NULL, NULL),
(68, 3, 'VN298', '2025-12-01', '15:45:00', '2025-12-01', '17:00:00', 'Đang mở bán', NULL, NULL, NULL),
-- Ngày 23/12
(84, 1, 'VN320', '2025-12-23', '08:00:00', '2025-12-23', '10:05:00', 'Đang mở bán', NULL, NULL, NULL),
(85, 2, 'VN321', '2025-12-23', '14:00:00', '2025-12-23', '16:05:00', 'Đang mở bán', NULL, NULL, NULL),
(86, 3, 'VN322', '2025-12-23', '09:30:00', '2025-12-23', '10:45:00', 'Đang mở bán', NULL, NULL, NULL),
(87, 4, 'VN323', '2025-12-23', '12:30:00', '2025-12-23', '13:45:00', 'Đang mở bán', NULL, NULL, NULL),
-- Ngày 24/12 (Noel)
(88, 1, 'VN324', '2025-12-24', '08:00:00', '2025-12-24', '10:05:00', 'Đang mở bán', NULL, NULL, NULL),
(89, 2, 'VN325', '2025-12-24', '14:00:00', '2025-12-24', '16:05:00', 'Đang mở bán', NULL, NULL, NULL),
(90, 3, 'VN326', '2025-12-24', '09:30:00', '2025-12-24', '10:45:00', 'Đang mở bán', NULL, NULL, NULL),
(91, 4, 'VN327', '2025-12-24', '12:30:00', '2025-12-24', '13:45:00', 'Đang mở bán', NULL, NULL, NULL),
-- Ngày 25/12
(92, 1, 'VN328', '2025-12-25', '08:00:00', '2025-12-25', '10:05:00', 'Đang mở bán', NULL, NULL, NULL),
(93, 2, 'VN329', '2025-12-25', '14:00:00', '2025-12-25', '16:05:00', 'Đang mở bán', NULL, NULL, NULL),
(94, 3, 'VN330', '2025-12-25', '09:30:00', '2025-12-25', '10:45:00', 'Đang mở bán', NULL, NULL, NULL),
(95, 4, 'VN331', '2025-12-25', '12:30:00', '2025-12-25', '13:45:00', 'Đang mở bán', NULL, NULL, NULL),
-- Ngày 26/12
(96, 1, 'VN332', '2025-12-26', '08:00:00', '2025-12-26', '10:05:00', 'Đang mở bán', NULL, NULL, NULL),
(97, 2, 'VN333', '2025-12-26', '14:00:00', '2025-12-26', '16:05:00', 'Đang mở bán', NULL, NULL, NULL),
(98, 3, 'VN334', '2025-12-26', '09:30:00', '2025-12-26', '10:45:00', 'Đang mở bán', NULL, NULL, NULL),
(99, 4, 'VN335', '2025-12-26', '12:30:00', '2025-12-26', '13:45:00', 'Đang mở bán', NULL, NULL, NULL),
-- Ngày 27/12
(100, 1, 'VN336', '2025-12-27', '08:00:00', '2025-12-27', '10:05:00', 'Đang mở bán', NULL, NULL, NULL),
(101, 2, 'VN337', '2025-12-27', '14:00:00', '2025-12-27', '16:05:00', 'Đang mở bán', NULL, NULL, NULL),
(102, 3, 'VN338', '2025-12-27', '09:30:00', '2025-12-27', '10:45:00', 'Đang mở bán', NULL, NULL, NULL),
(103, 4, 'VN339', '2025-12-27', '12:30:00', '2025-12-27', '13:45:00', 'Đang mở bán', NULL, NULL, NULL),
-- Ngày 28/12
(104, 1, 'VN340', '2025-12-28', '08:00:00', '2025-12-28', '10:05:00', 'Đang mở bán', NULL, NULL, NULL),
(105, 2, 'VN341', '2025-12-28', '14:00:00', '2025-12-28', '16:05:00', 'Đang mở bán', NULL, NULL, NULL),
(106, 3, 'VN342', '2025-12-28', '09:30:00', '2025-12-28', '10:45:00', 'Đang mở bán', NULL, NULL, NULL),
(107, 4, 'VN343', '2025-12-28', '12:30:00', '2025-12-28', '13:45:00', 'Đang mở bán', NULL, NULL, NULL),
-- Ngày 29/12
(108, 1, 'VN344', '2025-12-29', '08:00:00', '2025-12-29', '10:05:00', 'Đang mở bán', NULL, NULL, NULL),
(109, 2, 'VN345', '2025-12-29', '14:00:00', '2025-12-29', '16:05:00', 'Đang mở bán', NULL, NULL, NULL),
(110, 3, 'VN346', '2025-12-29', '09:30:00', '2025-12-29', '10:45:00', 'Đang mở bán', NULL, NULL, NULL),
(111, 4, 'VN347', '2025-12-29', '12:30:00', '2025-12-29', '13:45:00', 'Đang mở bán', NULL, NULL, NULL),
-- Ngày 30/12
(112, 1, 'VN348', '2025-12-30', '08:00:00', '2025-12-30', '10:05:00', 'Đang mở bán', NULL, NULL, NULL),
(113, 2, 'VN349', '2025-12-30', '14:00:00', '2025-12-30', '16:05:00', 'Đang mở bán', NULL, NULL, NULL),
(114, 3, 'VN350', '2025-12-30', '09:30:00', '2025-12-30', '10:45:00', 'Đang mở bán', NULL, NULL, NULL),
(115, 4, 'VN351', '2025-12-30', '12:30:00', '2025-12-30', '13:45:00', 'Đang mở bán', NULL, NULL, NULL),
-- Ngày 31/12 (Giao thừa)
(116, 1, 'VN352', '2025-12-31', '08:00:00', '2025-12-31', '10:05:00', 'Đang mở bán', NULL, NULL, NULL),
(117, 2, 'VN353', '2025-12-31', '14:00:00', '2025-12-31', '16:05:00', 'Đang mở bán', NULL, NULL, NULL),
(118, 3, 'VN354', '2025-12-31', '09:30:00', '2025-12-31', '10:45:00', 'Đang mở bán', NULL, NULL, NULL),
(119, 4, 'VN355', '2025-12-31', '12:30:00', '2025-12-31', '13:45:00', 'Đang mở bán', NULL, NULL, NULL);


-- =================================================================
-- 4. BẢNG CHI TIẾT GHẾ VÀ DỊCH VỤ CHUYẾN BAY
-- =================================================================

-- Bảng chi tiết ghế (maghe sẽ tự động tăng)
INSERT INTO `chitietghe` (`machuyenbay`, `mahangve`) VALUES
-- Chuyến bay 1 (6 ghế, ID: 1-6)
(1, 1), (1, 1), (1, 1), (1, 2), (1, 2), (1, 2),
-- Chuyến bay 7 (10 ghế, ID: 7-16)
(7, 1), (7, 1), (7, 1), (7, 1), (7, 1), (7, 1), (7, 1), (7, 2), (7, 2), (7, 2),
-- Chuyến bay 8 (10 ghế, ID: 17-26)
(8, 1), (8, 1), (8, 1), (8, 1), (8, 1), (8, 1), (8, 1), (8, 2), (8, 2), (8, 2),
-- Chuyến bay 9 (10 ghế, ID: 27-36)
(9, 1), (9, 1), (9, 1), (9, 1), (9, 1), (9, 1), (9, 1), (9, 2), (9, 2), (9, 2),
-- Chuyến bay 10 (10 ghế, ID: 37-46)
(10, 1), (10, 1), (10, 1), (10, 1), (10, 1), (10, 1), (10, 1), (10, 2), (10, 2), (10, 2),
-- Chuyến bay 11 (10 ghế, ID: 47-56)
(11, 1), (11, 1), (11, 1), (11, 1), (11, 1), (11, 1), (11, 1), (11, 2), (11, 2), (11, 2),
-- Chuyến bay 12 (10 ghế, ID: 57-66)
(12, 1), (12, 1), (12, 1), (12, 1), (12, 1), (12, 1), (12, 1), (12, 2), (12, 2), (12, 2),
-- Chuyến bay 13 (10 ghế, ID: 67-76)
(13, 1), (13, 1), (13, 1), (13, 1), (13, 1), (13, 1), (13, 1), (13, 2), (13, 2), (13, 2),
-- Chuyến bay 14 (10 ghế, ID: 77-86)
(14, 1), (14, 1), (14, 1), (14, 1), (14, 1), (14, 1), (14, 1), (14, 2), (14, 2), (14, 2),
-- Chuyến bay 15-40 (ghế cho các chuyến bay mới, mỗi chuyến 8 ghế: 4 Economy + 4 Business)
-- Chuyến bay 15 (ID: 87-94)
(15, 1), (15, 1), (15, 1), (15, 1), (15, 2), (15, 2), (15, 2), (15, 2),
-- Chuyến bay 16 (ID: 95-102)
(16, 1), (16, 1), (16, 1), (16, 1), (16, 2), (16, 2), (16, 2), (16, 2),
-- Chuyến bay 17 (ID: 103-110)
(17, 1), (17, 1), (17, 1), (17, 1), (17, 2), (17, 2), (17, 2), (17, 2),
-- Chuyến bay 18 (ID: 111-118)
(18, 1), (18, 1), (18, 1), (18, 1), (18, 2), (18, 2), (18, 2), (18, 2),
-- Chuyến bay 19 (ID: 119-126)
(19, 1), (19, 1), (19, 1), (19, 1), (19, 2), (19, 2), (19, 2), (19, 2),
-- Chuyến bay 20 (ID: 127-134)
(20, 1), (20, 1), (20, 1), (20, 1), (20, 2), (20, 2), (20, 2), (20, 2),
-- Chuyến bay 21 (ID: 135-142)
(21, 1), (21, 1), (21, 1), (21, 1), (21, 2), (21, 2), (21, 2), (21, 2),
-- Chuyến bay 22 (ID: 143-150)
(22, 1), (22, 1), (22, 1), (22, 1), (22, 2), (22, 2), (22, 2), (22, 2),
-- Chuyến bay 23 (ID: 151-158)
(23, 1), (23, 1), (23, 1), (23, 1), (23, 2), (23, 2), (23, 2), (23, 2),
-- Chuyến bay 24 (ID: 159-166)
(24, 1), (24, 1), (24, 1), (24, 1), (24, 2), (24, 2), (24, 2), (24, 2),
-- Chuyến bay 25 (ID: 167-174)
(25, 1), (25, 1), (25, 1), (25, 1), (25, 2), (25, 2), (25, 2), (25, 2),
-- Chuyến bay 26 (ID: 175-182)
(26, 1), (26, 1), (26, 1), (26, 1), (26, 2), (26, 2), (26, 2), (26, 2),
-- Chuyến bay 27 (ID: 183-190)
(27, 1), (27, 1), (27, 1), (27, 1), (27, 2), (27, 2), (27, 2), (27, 2),
-- Chuyến bay 28 (ID: 191-198)
(28, 1), (28, 1), (28, 1), (28, 1), (28, 2), (28, 2), (28, 2), (28, 2),
-- Chuyến bay 29 (ID: 199-206)
(29, 1), (29, 1), (29, 1), (29, 1), (29, 2), (29, 2), (29, 2), (29, 2),
-- Chuyến bay 30 (ID: 207-214)
(30, 1), (30, 1), (30, 1), (30, 1), (30, 2), (30, 2), (30, 2), (30, 2),
-- Chuyến bay 31 (ID: 215-222)
(31, 1), (31, 1), (31, 1), (31, 1), (31, 2), (31, 2), (31, 2), (31, 2),
-- Chuyến bay 32 (ID: 223-230)
(32, 1), (32, 1), (32, 1), (32, 1), (32, 2), (32, 2), (32, 2), (32, 2),
-- Chuyến bay 33 (ID: 231-238)
(33, 1), (33, 1), (33, 1), (33, 1), (33, 2), (33, 2), (33, 2), (33, 2),
-- Chuyến bay 34 (ID: 239-246)
(34, 1), (34, 1), (34, 1), (34, 1), (34, 2), (34, 2), (34, 2), (34, 2),
-- Chuyến bay 35 (ID: 247-254)
(35, 1), (35, 1), (35, 1), (35, 1), (35, 2), (35, 2), (35, 2), (35, 2),
-- Chuyến bay 36 (ID: 255-262)
(36, 1), (36, 1), (36, 1), (36, 1), (36, 2), (36, 2), (36, 2), (36, 2),
-- Chuyến bay 37 (ID: 263-270)
(37, 1), (37, 1), (37, 1), (37, 1), (37, 2), (37, 2), (37, 2), (37, 2),
-- Chuyến bay 38 (ID: 271-278)
(38, 1), (38, 1), (38, 1), (38, 1), (38, 2), (38, 2), (38, 2), (38, 2),
-- Chuyến bay 39 (ID: 279-286)
(39, 1), (39, 1), (39, 1), (39, 1), (39, 2), (39, 2), (39, 2), (39, 2),
-- Chuyến bay 40 (ID: 287-294)
(40, 1), (40, 1), (40, 1), (40, 1), (40, 2), (40, 2), (40, 2), (40, 2),
-- GHẾ CHO CÁC CHUYẾN BAY MỚI (41-68)
-- Chuyến bay 41 (ID: 295-302)
(41, 1), (41, 1), (41, 1), (41, 1), (41, 2), (41, 2), (41, 2), (41, 2),
-- Chuyến bay 42 (ID: 303-310)
(42, 1), (42, 1), (42, 1), (42, 1), (42, 2), (42, 2), (42, 2), (42, 2),
-- Chuyến bay 43 (ID: 311-318)
(43, 1), (43, 1), (43, 1), (43, 1), (43, 2), (43, 2), (43, 2), (43, 2),
-- Chuyến bay 44 (ID: 319-326)
(44, 1), (44, 1), (44, 1), (44, 1), (44, 2), (44, 2), (44, 2), (44, 2),
-- Chuyến bay 45 (ID: 327-334)
(45, 1), (45, 1), (45, 1), (45, 1), (45, 2), (45, 2), (45, 2), (45, 2),
-- Chuyến bay 46 (ID: 335-342)
(46, 1), (46, 1), (46, 1), (46, 1), (46, 2), (46, 2), (46, 2), (46, 2),
-- Chuyến bay 47 (ID: 343-350)
(47, 1), (47, 1), (47, 1), (47, 1), (47, 2), (47, 2), (47, 2), (47, 2),
-- Chuyến bay 48 (ID: 351-358)
(48, 1), (48, 1), (48, 1), (48, 1), (48, 2), (48, 2), (48, 2), (48, 2),
-- Chuyến bay 49 (ID: 359-366)
(49, 1), (49, 1), (49, 1), (49, 1), (49, 2), (49, 2), (49, 2), (49, 2),
-- Chuyến bay 50 (ID: 367-374)
(50, 1), (50, 1), (50, 1), (50, 1), (50, 2), (50, 2), (50, 2), (50, 2),
-- Chuyến bay 51 (ID: 375-382)
(51, 1), (51, 1), (51, 1), (51, 1), (51, 2), (51, 2), (51, 2), (51, 2),
-- Chuyến bay 52 (ID: 383-390)
(52, 1), (52, 1), (52, 1), (52, 1), (52, 2), (52, 2), (52, 2), (52, 2),
-- Chuyến bay 53 (ID: 391-398)
(53, 1), (53, 1), (53, 1), (53, 1), (53, 2), (53, 2), (53, 2), (53, 2),
-- Chuyến bay 54 (ID: 399-406)
(54, 1), (54, 1), (54, 1), (54, 1), (54, 2), (54, 2), (54, 2), (54, 2),
-- Chuyến bay 55 (ID: 407-414)
(55, 1), (55, 1), (55, 1), (55, 1), (55, 2), (55, 2), (55, 2), (55, 2),
-- Chuyến bay 56 (ID: 415-422)
(56, 1), (56, 1), (56, 1), (56, 1), (56, 2), (56, 2), (56, 2), (56, 2),
-- Chuyến bay 57 (ID: 423-430)
(57, 1), (57, 1), (57, 1), (57, 1), (57, 2), (57, 2), (57, 2), (57, 2),
-- Chuyến bay 58 (ID: 431-438)
(58, 1), (58, 1), (58, 1), (58, 1), (58, 2), (58, 2), (58, 2), (58, 2),
-- Chuyến bay 59 (ID: 439-446)
(59, 1), (59, 1), (59, 1), (59, 1), (59, 2), (59, 2), (59, 2), (59, 2),
-- Chuyến bay 60 (ID: 447-454)
(60, 1), (60, 1), (60, 1), (60, 1), (60, 2), (60, 2), (60, 2), (60, 2),
-- Chuyến bay 61 (ID: 455-462)
(61, 1), (61, 1), (61, 1), (61, 1), (61, 2), (61, 2), (61, 2), (61, 2),
-- Chuyến bay 62 (ID: 463-470)
(62, 1), (62, 1), (62, 1), (62, 1), (62, 2), (62, 2), (62, 2), (62, 2),
-- Chuyến bay 63 (ID: 471-478)
(63, 1), (63, 1), (63, 1), (63, 1), (63, 2), (63, 2), (63, 2), (63, 2),
-- Chuyến bay 64 (ID: 479-486)
(64, 1), (64, 1), (64, 1), (64, 1), (64, 2), (64, 2), (64, 2), (64, 2),
-- Chuyến bay 65 (ID: 487-494)
(65, 1), (65, 1), (65, 1), (65, 1), (65, 2), (65, 2), (65, 2), (65, 2),
-- Chuyến bay 66 (ID: 495-502)
(66, 1), (66, 1), (66, 1), (66, 1), (66, 2), (66, 2), (66, 2), (66, 2),
-- Chuyến bay 67 (ID: 503-510)
(67, 1), (67, 1), (67, 1), (67, 1), (67, 2), (67, 2), (67, 2), (67, 2),
-- Chuyến bay 68 (ID: 511-518)
(68, 1), (68, 1), (68, 1), (68, 1), (68, 2), (68, 2), (68, 2), (68, 2),

-- GHẾ CHO CÁC CHUYẾN BAY THÁNG 12 (84-119) - Có đủ 4 hạng vé: Economy, Deluxe, Business, FirstClass
-- Mỗi chuyến bay: 4 Economy + 4 Deluxe + 3 Business + 2 FirstClass = 13 ghế
-- Chuyến bay 84 (ID: 519-531)
(84, 1), (84, 1), (84, 1), (84, 1), (84, 2), (84, 2), (84, 2), (84, 2), (84, 3), (84, 3), (84, 3), (84, 4), (84, 4),
-- Chuyến bay 85 (ID: 532-544)
(85, 1), (85, 1), (85, 1), (85, 1), (85, 2), (85, 2), (85, 2), (85, 2), (85, 3), (85, 3), (85, 3), (85, 4), (85, 4),
-- Chuyến bay 86 (ID: 545-557)
(86, 1), (86, 1), (86, 1), (86, 1), (86, 2), (86, 2), (86, 2), (86, 2), (86, 3), (86, 3), (86, 3), (86, 4), (86, 4),
-- Chuyến bay 87 (ID: 558-570)
(87, 1), (87, 1), (87, 1), (87, 1), (87, 2), (87, 2), (87, 2), (87, 2), (87, 3), (87, 3), (87, 3), (87, 4), (87, 4),
-- Chuyến bay 88 (ID: 571-583)
(88, 1), (88, 1), (88, 1), (88, 1), (88, 2), (88, 2), (88, 2), (88, 2), (88, 3), (88, 3), (88, 3), (88, 4), (88, 4),
-- Chuyến bay 89 (ID: 584-596)
(89, 1), (89, 1), (89, 1), (89, 1), (89, 2), (89, 2), (89, 2), (89, 2), (89, 3), (89, 3), (89, 3), (89, 4), (89, 4),
-- Chuyến bay 90 (ID: 597-609)
(90, 1), (90, 1), (90, 1), (90, 1), (90, 2), (90, 2), (90, 2), (90, 2), (90, 3), (90, 3), (90, 3), (90, 4), (90, 4),
-- Chuyến bay 91 (ID: 610-622)
(91, 1), (91, 1), (91, 1), (91, 1), (91, 2), (91, 2), (91, 2), (91, 2), (91, 3), (91, 3), (91, 3), (91, 4), (91, 4),
-- Chuyến bay 92 (ID: 623-635)
(92, 1), (92, 1), (92, 1), (92, 1), (92, 2), (92, 2), (92, 2), (92, 2), (92, 3), (92, 3), (92, 3), (92, 4), (92, 4),
-- Chuyến bay 93 (ID: 636-648)
(93, 1), (93, 1), (93, 1), (93, 1), (93, 2), (93, 2), (93, 2), (93, 2), (93, 3), (93, 3), (93, 3), (93, 4), (93, 4),
-- Chuyến bay 94 (ID: 649-661)
(94, 1), (94, 1), (94, 1), (94, 1), (94, 2), (94, 2), (94, 2), (94, 2), (94, 3), (94, 3), (94, 3), (94, 4), (94, 4),
-- Chuyến bay 95 (ID: 662-674)
(95, 1), (95, 1), (95, 1), (95, 1), (95, 2), (95, 2), (95, 2), (95, 2), (95, 3), (95, 3), (95, 3), (95, 4), (95, 4),
-- Chuyến bay 96 (ID: 675-687)
(96, 1), (96, 1), (96, 1), (96, 1), (96, 2), (96, 2), (96, 2), (96, 2), (96, 3), (96, 3), (96, 3), (96, 4), (96, 4),
-- Chuyến bay 97 (ID: 688-700)
(97, 1), (97, 1), (97, 1), (97, 1), (97, 2), (97, 2), (97, 2), (97, 2), (97, 3), (97, 3), (97, 3), (97, 4), (97, 4),
-- Chuyến bay 98 (ID: 701-713)
(98, 1), (98, 1), (98, 1), (98, 1), (98, 2), (98, 2), (98, 2), (98, 2), (98, 3), (98, 3), (98, 3), (98, 4), (98, 4),
-- Chuyến bay 99 (ID: 714-726)
(99, 1), (99, 1), (99, 1), (99, 1), (99, 2), (99, 2), (99, 2), (99, 2), (99, 3), (99, 3), (99, 3), (99, 4), (99, 4),
-- Chuyến bay 100 (ID: 727-739)
(100, 1), (100, 1), (100, 1), (100, 1), (100, 2), (100, 2), (100, 2), (100, 2), (100, 3), (100, 3), (100, 3), (100, 4), (100, 4),
-- Chuyến bay 101 (ID: 740-752)
(101, 1), (101, 1), (101, 1), (101, 1), (101, 2), (101, 2), (101, 2), (101, 2), (101, 3), (101, 3), (101, 3), (101, 4), (101, 4),
-- Chuyến bay 102 (ID: 753-765)
(102, 1), (102, 1), (102, 1), (102, 1), (102, 2), (102, 2), (102, 2), (102, 2), (102, 3), (102, 3), (102, 3), (102, 4), (102, 4),
-- Chuyến bay 103 (ID: 766-778)
(103, 1), (103, 1), (103, 1), (103, 1), (103, 2), (103, 2), (103, 2), (103, 2), (103, 3), (103, 3), (103, 3), (103, 4), (103, 4),
-- Chuyến bay 104 (ID: 779-791)
(104, 1), (104, 1), (104, 1), (104, 1), (104, 2), (104, 2), (104, 2), (104, 2), (104, 3), (104, 3), (104, 3), (104, 4), (104, 4),
-- Chuyến bay 105 (ID: 792-804)
(105, 1), (105, 1), (105, 1), (105, 1), (105, 2), (105, 2), (105, 2), (105, 2), (105, 3), (105, 3), (105, 3), (105, 4), (105, 4),
-- Chuyến bay 106 (ID: 805-817)
(106, 1), (106, 1), (106, 1), (106, 1), (106, 2), (106, 2), (106, 2), (106, 2), (106, 3), (106, 3), (106, 3), (106, 4), (106, 4),
-- Chuyến bay 107 (ID: 818-830)
(107, 1), (107, 1), (107, 1), (107, 1), (107, 2), (107, 2), (107, 2), (107, 2), (107, 3), (107, 3), (107, 3), (107, 4), (107, 4),
-- Chuyến bay 108 (ID: 831-843)
(108, 1), (108, 1), (108, 1), (108, 1), (108, 2), (108, 2), (108, 2), (108, 2), (108, 3), (108, 3), (108, 3), (108, 4), (108, 4),
-- Chuyến bay 109 (ID: 844-856)
(109, 1), (109, 1), (109, 1), (109, 1), (109, 2), (109, 2), (109, 2), (109, 2), (109, 3), (109, 3), (109, 3), (109, 4), (109, 4),
-- Chuyến bay 110 (ID: 857-869)
(110, 1), (110, 1), (110, 1), (110, 1), (110, 2), (110, 2), (110, 2), (110, 2), (110, 3), (110, 3), (110, 3), (110, 4), (110, 4),
-- Chuyến bay 111 (ID: 870-882)
(111, 1), (111, 1), (111, 1), (111, 1), (111, 2), (111, 2), (111, 2), (111, 2), (111, 3), (111, 3), (111, 3), (111, 4), (111, 4),
-- Chuyến bay 112 (ID: 883-895)
(112, 1), (112, 1), (112, 1), (112, 1), (112, 2), (112, 2), (112, 2), (112, 2), (112, 3), (112, 3), (112, 3), (112, 4), (112, 4),
-- Chuyến bay 113 (ID: 896-908)
(113, 1), (113, 1), (113, 1), (113, 1), (113, 2), (113, 2), (113, 2), (113, 2), (113, 3), (113, 3), (113, 3), (113, 4), (113, 4),
-- Chuyến bay 114 (ID: 909-921)
(114, 1), (114, 1), (114, 1), (114, 1), (114, 2), (114, 2), (114, 2), (114, 2), (114, 3), (114, 3), (114, 3), (114, 4), (114, 4),
-- Chuyến bay 115 (ID: 922-934)
(115, 1), (115, 1), (115, 1), (115, 1), (115, 2), (115, 2), (115, 2), (115, 2), (115, 3), (115, 3), (115, 3), (115, 4), (115, 4),
-- Chuyến bay 116 (ID: 935-947)
(116, 1), (116, 1), (116, 1), (116, 1), (116, 2), (116, 2), (116, 2), (116, 2), (116, 3), (116, 3), (116, 3), (116, 4), (116, 4),
-- Chuyến bay 117 (ID: 948-960)
(117, 1), (117, 1), (117, 1), (117, 1), (117, 2), (117, 2), (117, 2), (117, 2), (117, 3), (117, 3), (117, 3), (117, 4), (117, 4),
-- Chuyến bay 118 (ID: 961-973)
(118, 1), (118, 1), (118, 1), (118, 1), (118, 2), (118, 2), (118, 2), (118, 2), (118, 3), (118, 3), (118, 3), (118, 4), (118, 4),
-- Chuyến bay 119 (ID: 974-986)
(119, 1), (119, 1), (119, 1), (119, 1), (119, 2), (119, 2), (119, 2), (119, 2), (119, 3), (119, 3), (119, 3), (119, 4), (119, 4);

-- Bảng dịch vụ áp dụng cho chuyến bay
INSERT INTO `dichvuchuyenbay` (`machuyenbay`, `madichvu`) VALUES
(1, 1), (1, 2), (1, 3), (1, 4),
(2, 1), (2, 2), (2, 3),
(3, 1), (3, 3),
(4, 1), (4, 2), (4, 3), (4, 4),
(7, 1), (7, 2), (7, 3),
(8, 1), (8, 2), (8, 3),
(9, 1), (9, 2), (9, 3),
(10, 1), (10, 2), (10, 3),
(11, 1), (11, 2), (11, 3),
(12, 1), (12, 2), (12, 3),
(13, 1), (13, 2), (13, 3),
(14, 1), (14, 2), (14, 3),
-- Dịch vụ cho các chuyến bay mới
(15, 1), (15, 2), (15, 3),
(16, 1), (16, 2), (16, 3),
(17, 1), (17, 3),
(18, 1), (18, 2), (18, 3),
(19, 1), (19, 2), (19, 3),
(20, 1), (20, 3),
(21, 1), (21, 2), (21, 3),
(22, 1), (22, 2), (22, 3),
(23, 1), (23, 2), (23, 3),
(24, 1), (24, 3),
(25, 1), (25, 2), (25, 3),
(26, 1), (26, 2), (26, 3),
(27, 1), (27, 2), (27, 3),
(28, 1), (28, 3),
(29, 1), (29, 2), (29, 3),
(30, 1), (30, 2), (30, 3),
(31, 1), (31, 2), (31, 3),
(32, 1), (32, 3),
(33, 1), (33, 2), (33, 3),
(34, 1), (34, 2), (34, 3),
(35, 1), (35, 2), (35, 3),
(36, 1), (36, 3),
(37, 1), (37, 2), (37, 3),
(38, 1), (38, 2), (38, 3),
(39, 1), (39, 2), (39, 3),
(40, 1), (40, 3),
-- Dịch vụ cho các chuyến bay mới (41-68)
(41, 1), (41, 2), (41, 3),
(42, 1), (42, 2), (42, 3),
(43, 1), (43, 2), (43, 3),
(44, 1), (44, 3),
(45, 1), (45, 2), (45, 3),
(46, 1), (46, 2), (46, 3),
(47, 1), (47, 2), (47, 3),
(48, 1), (48, 3),
(49, 1), (49, 2), (49, 3),
(50, 1), (50, 2), (50, 3),
(51, 1), (51, 2), (51, 3),
(52, 1), (52, 3),
(53, 1), (53, 2), (53, 3),
(54, 1), (54, 2), (54, 3),
(55, 1), (55, 2), (55, 3),
(56, 1), (56, 3),
(57, 1), (57, 2), (57, 3),
(58, 1), (58, 2), (58, 3),
(59, 1), (59, 2), (59, 3),
(60, 1), (60, 3),
(61, 1), (61, 2), (61, 3),
(62, 1), (62, 2), (62, 3),
(63, 1), (63, 2), (63, 3),
(64, 1), (64, 3),
(65, 1), (65, 2), (65, 3),
(66, 1), (66, 2), (66, 3),
(67, 1), (67, 2), (67, 3),
(68, 1), (68, 3),
(84, 1), (84, 2), (84, 3), (85, 1), (85, 3), (86, 1), (86, 2), (86, 3), (87, 1), (87, 3), (88, 1), (88, 2), (88, 3), (89, 1), (89, 3), (90, 1), (90, 2), (90, 3), (91, 1), (91, 3), (92, 1), (92, 2), (92, 3), (93, 1), (93, 3), (94, 1), (94, 2), (94, 3), (95, 1), (95, 3), (96, 1), (96, 2), (96, 3), (97, 1), (97, 3), (98, 1), (98, 2), (98, 3), (99, 1), (99, 3), (100, 1), (100, 2), (100, 3), (101, 1), (101, 3), (102, 1), (102, 2), (102, 3), (103, 1), (103, 3), (104, 1), (104, 2), (104, 3), (105, 1), (105, 3), (106, 1), (106, 2), (106, 3), (107, 1), (107, 3), (108, 1), (108, 2), (108, 3), (109, 1), (109, 3), (110, 1), (110, 2), (110, 3), (111, 1), (111, 3), (112, 1), (112, 2), (112, 3), (113, 1), (113, 3), (114, 1), (114, 2), (114, 3), (115, 1), (115, 3), (116, 1), (116, 2), (116, 3), (117, 1), (117, 3), (118, 1), (118, 2), (118, 3), (119, 1), (119, 3);

-- =================================================================
-- 5. BẢNG ĐẶT CHỖ VÀ THANH TOÁN
-- =================================================================

-- Bảng đặt chỗ
INSERT INTO `datcho` (`madatcho`, `maghe`, `mahanhkhach`, `ngaydatcho`, `checkin_status`, `checkin_time`) VALUES
(1, 1, 1, '2025-10-15', 0, NULL),
(2, 2, 2, '2025-10-16', 0, NULL),
(3, 3, 1, '2025-10-17', 0, NULL),
-- Dữ liệu test thống kê
(4, 7, 3, '2025-10-29', 0, NULL),
(5, 8, 1, '2025-10-29', 0, NULL),
(6, 9, 2, '2025-10-29', 0, NULL),
(7, 10, 4, '2025-10-30', 0, NULL),
(8, 11, 5, '2025-10-30', 0, NULL),
(9, 12, 1, '2025-10-30', 0, NULL),
(10, 13, 3, '2025-10-30', 0, NULL),
(11, 14, 6, '2025-10-31', 0, NULL),
(12, 15, 7, '2025-10-31', 0, NULL),
(13, 16, 2, '2025-10-31', 0, NULL),
(14, 17, 1, '2025-11-01', 0, NULL),
(15, 18, 3, '2025-11-01', 0, NULL),
(16, 19, 4, '2025-11-01', 0, NULL),
(17, 20, 5, '2025-11-01', 0, NULL),
(18, 21, 6, '2025-11-01', 0, NULL),
(19, 22, 7, '2025-11-02', 0, NULL),
(20, 23, 1, '2025-11-02', 0, NULL),
(21, 24, 2, '2025-11-02', 0, NULL),
(22, 25, 3, '2025-11-02', 0, NULL),
(23, 26, 4, '2025-11-03', 0, NULL),
(24, 27, 5, '2025-11-03', 0, NULL),
(25, 28, 6, '2025-11-03', 0, NULL),
(26, 29, 1, '2025-11-04', 0, NULL),
(27, 30, 2, '2025-11-04', 0, NULL),
(28, 31, 3, '2025-11-04', 0, NULL),
(29, 32, 7, '2025-11-04', 0, NULL),
(30, 33, 4, '2025-11-05', 0, NULL),
(31, 34, 5, '2025-11-05', 0, NULL),
-- DỮ LIỆU MỚI CHO HÀNH KHÁCH 8 (Đạt Thành)
(32, 77, 8, '2025-12-05', 0, NULL), -- Đặt ghế 77 (Economy, Chuyến bay 14)
-- Dữ liệu đặt chỗ cho hành khách 8 (chuyến bay trong tháng tới - CHƯA THANH TOÁN)
(33, 87, 8, '2025-11-16', 0, NULL), -- Chuyến bay 15 - 16/11/2025
(34, 119, 8, '2025-11-20', 0, NULL), -- Chuyến bay 19 - 23/11/2025
(35, 151, 8, '2025-11-25', 0, NULL), -- Chuyến bay 23 - 28/11/2025
(36, 183, 8, '2025-11-28', 0, NULL), -- Chuyến bay 27 - 02/12/2025
(37, 215, 8, '2025-12-01', 0, NULL), -- Chuyến bay 31 - 06/12/2025
(38, 247, 8, '2025-12-05', 0, NULL); -- Chuyến bay 35 - 10/12/2025

-- Bảng chi tiết dịch vụ đã đặt
INSERT INTO `datchodichvu` (`madatcho`, `maluachon`, `soluong`, `dongia`) VALUES
(1, 1, 1, 250000.00), (1, 3, 1, 180000.00),
(2, 2, 2, 400000.00), (2, 4, 1, 180000.00),
(3, 6, 1, 200000.00),
(4, 1, 1, 250000.00), (4, 3, 1, 150000.00),
(5, 2, 1, 400000.00), (5, 6, 1, 200000.00),
(6, 1, 1, 250000.00), (6, 4, 2, 40000.00),
(7, 1, 1, 250000.00), (7, 6, 1, 200000.00),
(8, 2, 1, 400000.00), (8, 3, 1, 150000.00),
(9, 1, 1, 250000.00), (9, 4, 1, 40000.00),
(10, 2, 1, 400000.00), (10, 5, 1, 50000.00),
(11, 1, 1, 250000.00), (11, 3, 1, 150000.00), (11, 6, 1, 200000.00),
(12, 2, 1, 400000.00), (12, 4, 2, 40000.00),
(13, 1, 1, 250000.00), (13, 4, 1, 40000.00),
(14, 1, 1, 250000.00), (14, 6, 1, 200000.00),
(15, 2, 1, 400000.00), (15, 3, 1, 150000.00),
(16, 1, 1, 250000.00), (16, 4, 1, 40000.00),
(17, 2, 1, 400000.00), (17, 5, 1, 50000.00),
(18, 1, 1, 250000.00), (18, 3, 1, 150000.00), (18, 6, 1, 200000.00),
(19, 2, 1, 400000.00), (19, 4, 2, 40000.00),
(20, 1, 1, 250000.00), (20, 6, 1, 200000.00),
(21, 1, 1, 250000.00), (21, 4, 1, 40000.00),
(22, 2, 1, 400000.00), (22, 3, 1, 150000.00),
(23, 1, 1, 250000.00), (23, 6, 1, 200000.00),
(24, 2, 1, 400000.00), (24, 5, 1, 50000.00),
(25, 1, 1, 250000.00), (25, 3, 1, 150000.00), (25, 6, 1, 200000.00),
(26, 1, 1, 250000.00), (26, 6, 1, 200000.00),
(27, 1, 1, 250000.00), (27, 4, 1, 40000.00),
(28, 2, 1, 400000.00), (28, 3, 1, 150000.00),
(29, 1, 1, 250000.00), (29, 6, 1, 200000.00),
(30, 1, 1, 250000.00), (30, 6, 1, 200000.00),
(31, 2, 1, 400000.00), (31, 5, 1, 50000.00),
-- DỮ LIỆU MỚI CHO HÀNH KHÁCH 8 (madatcho=32)
(32, 1, 1, 250000.00), -- Gói 20kg
(32, 4, 1, 40000.00),  -- Red Bull
-- Dữ liệu dịch vụ cho đặt chỗ mới của hành khách 8
(33, 1, 1, 250000.00), -- Gói 20kg
(33, 3, 1, 150000.00), -- Combo cơm
(34, 2, 1, 400000.00), -- Gói 30kg
(34, 6, 1, 200000.00), -- Bảo hiểm
(35, 1, 1, 250000.00), -- Gói 20kg
(35, 4, 1, 40000.00),  -- Red Bull
(36, 2, 1, 400000.00), -- Gói 30kg
(36, 3, 1, 150000.00), -- Combo cơm
(36, 6, 1, 200000.00), -- Bảo hiểm
(37, 1, 1, 250000.00), -- Gói 20kg
(37, 5, 1, 40000.00),  -- Rượu vang
(38, 2, 1, 400000.00), -- Gói 30kg
(38, 3, 1, 150000.00), -- Combo cơm
(38, 6, 1, 200000.00); -- Bảo hiểm

-- Bảng trạng thái thanh toán
INSERT INTO `trangthaithanhtoan` (`mathanhtoan`, `madatcho`, `sotien`, `dathanhtoan`, `ngayhethan`) VALUES
(1, 1, 2930000.00, 'Y', NULL),
(2, 2, 3480000.00, 'Y', NULL),
(3, 3, 2700000.00, 'Y', NULL),
(4, 4, 2500000.00, 'Y', NULL),
(5, 5, 5000000.00, 'Y', NULL),
(6, 6, 5000000.00, 'Y', NULL),
(7, 7, 2650000.00, 'Y', NULL),
(8, 8, 5400000.00, 'Y', NULL),
(9, 9, 2700000.00, 'Y', NULL),
(10, 10, 5200000.00, 'Y', NULL),
(11, 11, 2950000.00, 'Y', NULL),
(12, 12, 5450000.00, 'Y', NULL),
(13, 13, 2550000.00, 'Y', NULL),
(14, 14, 2700000.00, 'Y', NULL),
(15, 15, 5200000.00, 'Y', NULL),
(16, 16, 2650000.00, 'Y', NULL),
(17, 17, 5400000.00, 'Y', NULL),
(18, 18, 2950000.00, 'Y', NULL),
(19, 19, 5450000.00, 'Y', NULL),
(20, 20, 2700000.00, 'Y', NULL),
(21, 21, 2550000.00, 'Y', NULL),
(22, 22, 5200000.00, 'Y', NULL),
(23, 23, 2650000.00, 'Y', NULL),
(24, 24, 5400000.00, 'Y', NULL),
(25, 25, 2950000.00, 'Y', NULL),
(26, 26, 2700000.00, 'Y', NULL),
(27, 27, 2550000.00, 'Y', NULL),
(28, 28, 5200000.00, 'Y', NULL),
(29, 29, 2650000.00, 'Y', NULL),
(30, 30, 2650000.00, 'Y', NULL),
(31, 31, 5400000.00, 'Y', NULL),
-- DỮ LIỆU MỚI CHO HÀNH KHÁCH 8 (madatcho=32)
-- Vé (1,200,000) + DV (250,000 + 40,000) = 1,490,000
(32, 32, 1490000.00, 'Y', NULL),
-- Trạng thái thanh toán cho đặt chỗ mới của hành khách 8 (CHƯA THANH TOÁN)
-- madatcho=33: Vé Economy (1,200,000) + Gói 20kg (250,000) + Combo (150,000) = 1,600,000
(33, 33, 1600000.00, 'N', '2025-11-18'),
-- madatcho=34: Vé Economy (1,200,000) + Gói 30kg (400,000) + Bảo hiểm (200,000) = 1,800,000
(34, 34, 1800000.00, 'N', '2025-11-22'),
-- madatcho=35: Vé Economy (1,200,000) + Gói 20kg (250,000) + Red Bull (40,000) = 1,490,000
(35, 35, 1490000.00, 'N', '2025-11-27'),
-- madatcho=36: Vé Economy (1,200,000) + Gói 30kg (400,000) + Combo (150,000) + Bảo hiểm (200,000) = 1,950,000
(36, 36, 1950000.00, 'N', '2025-11-30'),
-- madatcho=37: Vé Economy (1,200,000) + Gói 20kg (250,000) + Rượu vang (40,000) = 1,490,000
(37, 37, 1490000.00, 'N', '2025-12-03'),
-- madatcho=38: Vé Economy (1,200,000) + Gói 30kg (400,000) + Combo (150,000) + Bảo hiểm (200,000) = 1,950,000
(38, 38, 1950000.00, 'N', '2025-12-07');


-- =================================================================
-- BẬT LẠI KIỂM TRA KHÓA NGOẠI
-- =================================================================
SET FOREIGN_KEY_CHECKS=1;